#group,false,false,false,false,false,false
#datatype,string,long,dateTime:RFC3339,double,double,double
#default,_result,,,,,
,result,table,_time,X,Y,Z
,,0,2026-08-22T20:14:06.17202957Z,-1.029,-0,-0.021
,,0,2026-08-22T20:14:07.172992201Z,-1.028,-0,-0.021
,,0,2026-08-22T20:14:08.175818379Z,-1.03,-0,-0.02
,,0,2026-08-22T20:14:09.178244697Z,-1.029,-0,-0.021
,,0,2026-08-22T20:14:10.183309405Z,-1.028,-0,-0.02
,,0,2026-08-22T20:14:11.184248395Z,-1.03,0.001,-0.021
,,0,2026-08-22T20:14:12.187419215Z,-1.029,-0,-0.021
,,0,2026-08-22T20:14:13.190051513Z,-1.029,0.001,-0.022
,,0,2026-08-22T20:14:14.192404205Z,-1.029,-0,-0.021
,,0,2026-08-22T20:14:15.201350029Z,-1.028,0,-0.022
,,0,2026-08-22T20:14:16.203044717Z,-1.029,-0,-0.021
,,0,2026-08-22T20:14:17.208094717Z,-1.029,0,-0.021
,,0,2026-08-22T20:14:18.212336722Z,-1.028,-0,-0.019
,,0,2026-08-22T20:14:19.214921241Z,-1.029,0.002,-0.023
,,0,2026-08-22T20:14:20.217278059Z,-1.028,0.001,-0.022
,,0,2026-08-22T20:14:21.219801775Z,-1.03,0.002,-0.022
,,0,2026-08-22T20:14:22.235499261Z,-1.028,0.001,-0.021
,,0,2026-08-22T20:14:23.238345867Z,-1.03,0.002,-0.023
,,0,2026-08-22T20:14:24.248326569Z,-1.029,0.001,-0.023
,,0,2026-08-22T20:14:25.252290463Z,-1.028,0.001,-0.022
,,0,2026-08-22T20:14:26.257681289Z,-1.03,-0,-0.021
,,0,2026-08-22T20:14:27.264211462Z,-1.029,0.001,-0.021
,,0,2026-08-22T20:14:28.270147502Z,-1.029,-0,-0.022
,,0,2026-08-22T20:14:29.273734447Z,-1.03,-0,-0.021
,,0,2026-08-22T20:14:30.278397131Z,-1.029,0.001,-0.022
,,0,2026-08-22T20:14:31.286468089Z,-1.028,0.001,-0.022
,,0,2026-08-22T20:14:32.292098529Z,-1.028,0.001,-0.022
,,0,2026-08-22T20:14:33.297552767Z,-1.029,-0,-0.021
,,0,2026-08-22T20:14:34.299647034Z,-1.028,-0,-0.021
,,0,2026-08-22T20:14:35.313155577Z,-1.028,-0,-0.022
,,0,2026-08-22T20:14:36.321441209Z,-1.03,-0,-0.021
,,0,2026-08-22T20:14:37.323511648Z,-1.029,0,-0.023
,,0,2026-08-22T20:14:38.33011364Z,-1.029,-0,-0.022
,,0,2026-08-22T20:14:39.331990242Z,-1.029,-0,-0.022
,,0,2026-08-22T20:14:40.334582537Z,-1.032,0.001,-0.021
,,0,2026-08-22T20:14:41.338949493Z,-1.001,0.001,-0.024
,,0,2026-08-22T20:14:42.341115903Z,-1.03,-0,-0.02
,,0,2026-08-22T20:14:43.342830952Z,-1.028,0.001,-0.022
,,0,2026-08-22T20:14:44.34569257Z,-1.03,0.001,-0.023
,,0,2026-08-22T20:14:45.348180787Z,-1.028,0.001,-0.023
,,0,2026-08-22T20:14:46.35064548Z,-1.03,-0,-0.021
,,0,2026-08-22T20:14:47.357621506Z,-1.03,0,-0.023
,,0,2026-08-22T20:14:48.362840435Z,-1.03,0.001,-0.022
,,0,2026-08-22T20:14:49.369138823Z,-1.028,0,-0.023
,,0,2026-08-22T20:14:50.372628425Z,-1.029,0,-0.023
,,0,2026-08-22T20:14:51.376856016Z,-1.029,-0,-0.022
,,0,2026-08-22T20:14:52.376736387Z,-1.03,0,-0.023
,,0,2026-08-22T20:14:53.379074229Z,-1.029,0,-0.024
,,0,2026-08-22T20:14:54.39531596Z,-1.031,-0,-0.024
,,0,2026-08-22T20:14:55.400257949Z,-1.029,0.002,-0.023
,,0,2026-08-22T20:14:56.399798881Z,-1.028,0.001,-0.023
,,0,2026-08-22T20:14:57.402291695Z,-1.03,0,-0.022
,,0,2026-08-22T20:14:58.404467531Z,-1.029,0.001,-0.022
,,0,2026-08-22T20:14:59.406840299Z,-1.028,0.001,-0.022
,,0,2026-08-22T20:15:00.413282358Z,-1.028,0.002,-0.023
,,0,2026-08-22T20:15:01.419466475Z,-1.029,-0,-0.021
,,0,2026-08-22T20:15:02.424765132Z,-1.03,0.001,-0.022
,,0,2026-08-22T20:15:03.426105074Z,-1.03,0,-0.022
,,0,2026-08-22T20:15:04.429021496Z,-1.031,0,-0.026
,,0,2026-08-22T20:15:05.431326542Z,-1.029,0.001,-0.022
,,0,2026-08-22T20:15:06.4337518Z,-1.031,-0,-0.02
,,0,2026-08-22T20:15:07.441257078Z,-1.029,-0,-0.022
,,0,2026-08-22T20:15:08.444898358Z,-1.028,-0,-0.022
,,0,2026-08-22T20:15:09.448348767Z,-1.029,-0,-0.023
,,0,2026-08-22T20:15:10.454705264Z,-1.03,-0,-0.021
,,0,2026-08-22T20:15:11.45970937Z,-1.029,0.002,-0.023
,,0,2026-08-22T20:15:12.464506883Z,-1.031,0,-0.021
,,0,2026-08-22T20:15:13.467100995Z,-1.03,-0,-0.023
,,0,2026-08-22T20:15:14.471001522Z,-1.029,-0,-0.022
,,0,2026-08-22T20:15:15.475375323Z,-1.028,-0,-0.022
,,0,2026-08-22T20:15:16.481666576Z,-1.03,0,-0.022
,,0,2026-08-22T20:15:17.487552686Z,-1.03,0.001,-0.021
,,0,2026-08-22T20:15:18.492731867Z,-1.031,-0,-0.022
,,0,2026-08-22T20:15:19.49780521Z,-1.031,-0,-0.022
,,0,2026-08-22T20:15:20.496780808Z,-1.029,-0,-0.022
,,0,2026-08-22T20:15:21.499203977Z,-1.03,-0,-0.022
,,0,2026-08-22T20:15:22.501682544Z,-1.029,-0,-0.022
,,0,2026-08-22T20:15:23.503797651Z,-1.029,0.002,-0.022
,,0,2026-08-22T20:15:24.506748077Z,-1.029,-0,-0.022
,,0,2026-08-22T20:15:25.515958247Z,-1.028,-0,-0.022
,,0,2026-08-22T20:15:26.521302492Z,-1.031,-0,-0.021
,,0,2026-08-22T20:15:27.519786716Z,-1.032,-0,-0.024
,,0,2026-08-22T20:15:28.522621114Z,-1.024,-0.007,-0.009
,,0,2026-08-22T20:15:29.525188253Z,-1.027,0.031,-0.025
,,0,2026-08-22T20:15:30.527407968Z,-1.029,-0,-0.023
,,0,2026-08-22T20:15:31.530159714Z,-1.029,0,-0.023
,,0,2026-08-22T20:15:32.543723623Z,-1.028,0.001,-0.022
,,0,2026-08-22T20:15:33.542027396Z,-1.03,-0,-0.021
,,0,2026-08-22T20:15:34.544567717Z,-1.029,-0,-0.021
,,0,2026-08-22T20:15:35.552068971Z,-1.029,0,-0.022
,,0,2026-08-22T20:15:36.556349277Z,-1.03,0.003,-0.023
,,0,2026-08-22T20:15:37.55636002Z,-1.03,0.001,-0.023
,,0,2026-08-22T20:15:38.558564095Z,-1.03,0,-0.023
,,0,2026-08-22T20:15:39.560972081Z,-1.029,-0,-0.021
,,0,2026-08-22T20:15:40.566118642Z,-1.029,0,-0.022
,,0,2026-08-22T20:15:41.567279759Z,-1.03,0.003,-0.021
,,0,2026-08-22T20:15:42.571807784Z,-1.029,-0,-0.021
,,0,2026-08-22T20:15:43.577010429Z,-1.028,-0,-0.022
,,0,2026-08-22T20:15:44.583763036Z,-1.03,-0,-0.021
,,0,2026-08-22T20:15:45.584203714Z,-1.029,0,-0.022
,,0,2026-08-22T20:15:46.587159751Z,-1.03,-0,-0.021
,,0,2026-08-22T20:15:47.589012182Z,-1.028,0.001,-0.022
,,0,2026-08-22T20:15:48.594033565Z,-1.031,-0.001,-0.021
,,0,2026-08-22T20:15:49.602905194Z,-1.029,0.001,-0.012
,,0,2026-08-22T20:15:50.605173493Z,-1.031,-0,-0.011
,,0,2026-08-22T20:15:51.606148377Z,-1.03,0.001,-0.011
,,0,2026-08-22T20:15:52.61036121Z,-1.028,0,-0.011
,,0,2026-08-22T20:15:53.611952816Z,-1.028,-0.001,-0.011
,,0,2026-08-22T20:15:54.614609288Z,-1.03,-0,-0.011
,,0,2026-08-22T20:15:55.621799819Z,-1.03,-0,-0.013
,,0,2026-08-22T20:15:56.626627152Z,-1.028,0.001,-0.01
,,0,2026-08-22T20:15:57.626780263Z,-1.031,-0,-0.009
,,0,2026-08-22T20:15:58.629284016Z,-1.028,0,-0.011
,,0,2026-08-22T20:15:59.638377194Z,-1.03,0,-0.01
,,0,2026-08-22T20:16:00.638540182Z,-1.028,0,-0.01
,,0,2026-08-22T20:16:01.640921743Z,-1.028,0,-0.011
,,0,2026-08-22T20:16:02.647239141Z,-1.031,-0,-0.01
,,0,2026-08-22T20:16:03.655889163Z,-1.029,-0,-0.009
,,0,2026-08-22T20:16:04.658025276Z,-1.031,-0,-0.012
,,0,2026-08-22T20:16:05.667476829Z,-1.03,0.002,-0.01
,,0,2026-08-22T20:16:06.670299124Z,-1.029,0,-0.011
,,0,2026-08-22T20:16:07.67262533Z,-1.029,-0,-0.01
,,0,2026-08-22T20:16:08.678248837Z,-1.03,0.001,-0.011
,,0,2026-08-22T20:16:09.679361873Z,-1.03,0,-0.011
,,0,2026-08-22T20:16:10.682077093Z,-1.03,-0,-0.01
,,0,2026-08-22T20:16:11.6851492Z,-1.031,-0,-0.01
,,0,2026-08-22T20:16:12.69536579Z,-1.031,-0,-0.01
,,0,2026-08-22T20:16:13.702547903Z,-1.033,-0,-0.013
,,0,2026-08-22T20:16:14.706780685Z,-1.029,-0,-0.009
,,0,2026-08-22T20:16:15.709183696Z,-1.03,0,-0.013
,,0,2026-08-22T20:16:16.713927349Z,-1.028,-0,-0.012
,,0,2026-08-22T20:16:17.716679236Z,-1.029,-0,-0.012
,,0,2026-08-22T20:16:18.717208843Z,-1.029,-0,-0.013
,,0,2026-08-22T20:16:19.719204878Z,-1.029,-0,-0.012
,,0,2026-08-22T20:16:20.722214484Z,-1.029,0.002,-0.01
,,0,2026-08-22T20:16:21.727901723Z,-1.03,-0,-0.01
,,0,2026-08-22T20:16:22.734917412Z,-1.032,0,-0.01
,,0,2026-08-22T20:16:23.741122911Z,-1.031,-0,-0.011
,,0,2026-08-22T20:16:24.746683659Z,-1.028,0.001,-0.01
,,0,2026-08-22T20:16:25.744944255Z,-1.028,0.001,-0.009
,,0,2026-08-22T20:16:26.747717098Z,-1.03,-0,-0.01
,,0,2026-08-22T20:16:27.75040384Z,-1.027,0,-0.01
,,0,2026-08-22T20:16:28.752935446Z,-1.03,-0.001,-0.01
,,0,2026-08-22T20:16:29.755292859Z,-1.028,-0,-0.01
,,0,2026-08-22T20:16:30.764101724Z,-1.029,0,-0.01
,,0,2026-08-22T20:16:31.768115642Z,-1.031,0.001,-0.011
,,0,2026-08-22T20:16:32.77346425Z,-1.03,-0.001,-0.01
,,0,2026-08-22T20:16:33.77644136Z,-1.029,0,-0.013
,,0,2026-08-22T20:16:34.785223496Z,-1.038,-0,-0.011
,,0,2026-08-22T20:16:35.79398812Z,-1.028,-0,-0.012
,,0,2026-08-22T20:16:36.787480912Z,-1.034,-0,-0.011
,,0,2026-08-22T20:16:37.789822032Z,-1.03,0.001,-0.011
,,0,2026-08-22T20:16:38.792110955Z,-1.028,-0,-0.011
,,0,2026-08-22T20:16:39.794474828Z,-1.029,0,-0.011
,,0,2026-08-22T20:16:40.805518662Z,-1.029,-0,-0.01
,,0,2026-08-22T20:16:41.808265981Z,-1.029,0,-0.008
,,0,2026-08-22T20:16:42.814587798Z,-1.03,-0.001,-0.01
,,0,2026-08-22T20:16:43.819902057Z,-1.03,0,-0.011
,,0,2026-08-22T20:16:44.824453142Z,-1.028,-0,-0.009
,,0,2026-08-22T20:16:45.828849977Z,-1.03,-0,-0.009
,,0,2026-08-22T20:16:46.832647707Z,-1.031,-0,-0.021
,,0,2026-08-22T20:16:47.843046644Z,-1.031,0,-0.012
,,0,2026-08-22T20:16:48.844006023Z,-1.028,-0,-0.014
,,0,2026-08-22T20:16:49.84527027Z,-1.03,0.001,-0.012
,,0,2026-08-22T20:16:50.853569675Z,-1.031,0.002,-0.013
,,0,2026-08-22T20:16:51.852730086Z,-1.028,-0,-0.012
,,0,2026-08-22T20:16:52.855251168Z,-1.029,0.001,-0.013
,,0,2026-08-22T20:16:53.858221557Z,-1.028,-0,-0.011

